{"cameraMode":{"drawMode":0,"name":"Shaded","section":"Shading Mode"},"sceneLighting":false,"audioPlay":false,"sceneViewState":{"showFog":true,"showMaterialUpdate":false,"showSkybox":false,"showFlares":true,"showImageEffects":true,"showParticleSystems":true},"in2DMode":false,"pivot":{"x":-3.0467493534088136,"y":1.5090301036834717,"z":11.959680557250977},"rotation":{"x":-0.1392458975315094,"y":0.24732130765914918,"z":-0.03594133257865906,"w":-0.9582013487815857},"size":3.2289414405822756,"orthographic":false}