{"cameraMode":{"drawMode":0,"name":"Shaded","section":"Shading Mode"},"sceneLighting":true,"audioPlay":false,"sceneViewState":{"showFog":true,"showMaterialUpdate":false,"showSkybox":false,"showFlares":true,"showImageEffects":true,"showParticleSystems":true},"in2DMode":false,"pivot":{"x":1.812780737876892,"y":2.9762072563171388,"z":-0.8553969860076904},"rotation":{"x":-0.21656113862991334,"y":0.4714095890522003,"z":-0.12061909586191178,"w":-0.8463504910469055},"size":6.332265377044678,"orthographic":false}