{"cameraMode":{"drawMode":0,"name":"Shaded","section":"Shading Mode"},"sceneLighting":true,"audioPlay":false,"sceneViewState":{"showFog":true,"showMaterialUpdate":false,"showSkybox":false,"showFlares":true,"showImageEffects":true,"showParticleSystems":true},"in2DMode":false,"pivot":{"x":-177.90274047851563,"y":183.62179565429688,"z":463.9163513183594},"rotation":{"x":0.1485069990158081,"y":0.8436357378959656,"z":-0.29690590500831606,"w":0.42197465896606448},"size":62.600093841552737,"orthographic":false}