{"cameraMode":{"drawMode":0,"name":"Shaded","section":"Shading Mode"},"sceneLighting":true,"audioPlay":false,"sceneViewState":{"showFog":true,"showMaterialUpdate":false,"showSkybox":false,"showFlares":true,"showImageEffects":true,"showParticleSystems":true},"in2DMode":false,"pivot":{"x":-24.14478302001953,"y":-44.09245300292969,"z":416.2182312011719},"rotation":{"x":-0.3183148205280304,"y":0.24607272446155549,"z":-0.08593513816595078,"w":-0.9114397764205933},"size":304.55657958984377,"orthographic":false}