{"cameraMode":{"drawMode":0,"name":"Shaded","section":"Shading Mode"},"sceneLighting":true,"audioPlay":false,"sceneViewState":{"showFog":true,"showMaterialUpdate":false,"showSkybox":false,"showFlares":true,"showImageEffects":true,"showParticleSystems":true},"in2DMode":false,"pivot":{"x":0.13016964495182038,"y":3.2307469844818117,"z":-3.0898101329803469},"rotation":{"x":0.08558259904384613,"y":0.3488413989543915,"z":-0.032008398324251178,"w":0.9327176809310913},"size":276.2944641113281,"orthographic":true}