{"cameraMode":{"drawMode":0,"name":"Shaded","section":"Shading Mode"},"sceneLighting":true,"audioPlay":false,"sceneViewState":{"showFog":true,"showMaterialUpdate":false,"showSkybox":false,"showFlares":true,"showImageEffects":true,"showParticleSystems":true},"in2DMode":false,"pivot":{"x":-30.858469009399415,"y":-134.58924865722657,"z":190.538330078125},"rotation":{"x":-0.31608423590660097,"y":0.1491566300392151,"z":-0.05039272457361221,"w":-0.9355751276016235},"size":289.74017333984377,"orthographic":false}