{"cameraMode":{"drawMode":0,"name":"Shaded","section":"Shading Mode"},"sceneLighting":false,"audioPlay":false,"sceneViewState":{"showFog":true,"showMaterialUpdate":false,"showSkybox":false,"showFlares":true,"showImageEffects":true,"showParticleSystems":true},"in2DMode":false,"pivot":{"x":-3.009999990463257,"y":1.2200000286102296,"z":11.90999984741211},"rotation":{"x":-0.1392458975315094,"y":0.24732130765914918,"z":-0.03594133257865906,"w":-0.9582013487815857},"size":1.4289418458938599,"orthographic":false}