{"cameraMode":{"drawMode":0,"name":"Shaded","section":"Shading Mode"},"sceneLighting":true,"audioPlay":false,"sceneViewState":{"showFog":true,"showMaterialUpdate":false,"showSkybox":false,"showFlares":true,"showImageEffects":true,"showParticleSystems":true},"in2DMode":false,"pivot":{"x":-95.4917221069336,"y":-114.68054962158203,"z":273.2745666503906},"rotation":{"x":-0.29652947187423708,"y":0.35468989610671999,"z":-0.11970577389001847,"w":-0.8785892128944397},"size":304.55657958984377,"orthographic":false}