{"cameraMode":{"drawMode":0,"name":"Shaded","section":"Shading Mode"},"sceneLighting":true,"audioPlay":false,"sceneViewState":{"showFog":true,"showMaterialUpdate":false,"showSkybox":false,"showFlares":true,"showImageEffects":true,"showParticleSystems":true},"in2DMode":false,"pivot":{"x":8.451948165893555,"y":9.000244140625,"z":-1.1591455936431885},"rotation":{"x":-0.3183148205280304,"y":0.24607272446155549,"z":-0.08593513816595078,"w":-0.9114397764205933},"size":160.75331115722657,"orthographic":false}