{"cameraMode":{"drawMode":0,"name":"Shaded","section":"Shading Mode"},"sceneLighting":true,"audioPlay":false,"sceneViewState":{"showFog":true,"showMaterialUpdate":false,"showSkybox":false,"showFlares":true,"showImageEffects":true,"showParticleSystems":true},"in2DMode":false,"pivot":{"x":-57.7840576171875,"y":-103.87952423095703,"z":233.92733764648438},"rotation":{"x":-0.050385281443595889,"y":0.9373758435249329,"z":-0.3088793158531189,"w":-0.15290769934654237},"size":264.4031066894531,"orthographic":false}