{"cameraMode":{"drawMode":0,"name":"Shaded","section":"Shading Mode"},"sceneLighting":true,"audioPlay":false,"sceneViewState":{"showFog":true,"showMaterialUpdate":false,"showSkybox":false,"showFlares":true,"showImageEffects":true,"showParticleSystems":true},"in2DMode":false,"pivot":{"x":2.593449115753174,"y":-2.016139030456543,"z":0.740903377532959},"rotation":{"x":0.2557497024536133,"y":0.26685118675231936,"z":-0.07368085533380509,"w":0.9262600541114807},"size":10.382660865783692,"orthographic":false}