{"cameraMode":{"drawMode":0,"name":"Shaded","section":"Shading Mode"},"sceneLighting":false,"audioPlay":false,"sceneViewState":{"showFog":true,"showMaterialUpdate":false,"showSkybox":false,"showFlares":true,"showImageEffects":true,"showParticleSystems":true},"in2DMode":false,"pivot":{"x":-0.5310584902763367,"y":1.1741303205490113,"z":-0.07419835031032562},"rotation":{"x":0.1568436324596405,"y":0.5054676532745361,"z":-0.09401698410511017,"w":0.8432482481002808},"size":22.0,"orthographic":false}