{"cameraMode":{"drawMode":0,"name":"Shaded","section":"Shading Mode"},"sceneLighting":true,"audioPlay":false,"sceneViewState":{"showFog":true,"showMaterialUpdate":false,"showSkybox":false,"showFlares":true,"showImageEffects":true,"showParticleSystems":true},"in2DMode":false,"pivot":{"x":5.537514686584473,"y":2.219919204711914,"z":-8.894502639770508},"rotation":{"x":-0.3183148205280304,"y":0.24607272446155549,"z":-0.08593513816595078,"w":-0.9114397764205933},"size":6.742768287658691,"orthographic":false}